Title,Price,LinkToImage
The world is beautyful #5,5315.0,http://artinfo-images-350.s3.amazonaws.com/asi2-81582/880.jpg
The world is beautyful #13,7383.0,http://artinfo-images-350.s3.amazonaws.com/asi2-81582/881.jpg
Spot Lights,2090.0,http://artinfo-images-350.s3.amazonaws.com/asi2-114217/291.jpg
Sugar/Sweetmeat Baskets,615.0,http://artinfo-images-350.s3.amazonaws.com/asi2-112689/654.jpg
"An American Silver Five-piece Tea And Coffee Set, A.G. Schultz & Co., Baltimore, MD",8125.0,http://artinfo-images-350.s3.amazonaws.com/asi2-98459/N08608-382-lr-1l.jpg
Oriental couple playing with their first born,6080.0,http://artinfo-images-350.s3.amazonaws.com/10852/1218.jpg
"Numerous figures on beach, said to be at Rhyl Sands",1678.0,http://artinfo-images-350.s3.amazonaws.com/8575804/115.jpg
Portrait of an old man reading a book,1700.0,http://artinfo-images-350.s3.amazonaws.com/21577/354.jpg
Mirror #4,10000.0,http://artinfo-images-350.s3.amazonaws.com/asi2-114355/437.jpg
Dance People,1499.0,http://artinfo-images-350.s3.amazonaws.com/asi2-110264/395.jpg
Dance People,4686.0,http://artinfo-images-350.s3.amazonaws.com/asi2-110288/113.jpg
Dance People,4070.0,http://artinfo-images-350.s3.amazonaws.com/asi2-109321/173.jpg
Dance People,2184.0,http://artinfo-images-350.s3.amazonaws.com/asi2-106927/686.jpg
Paysage avec personnage et village sur la colline,1037.0,http://artinfo-images-350.s3.amazonaws.com/24624/835.jpg
Enfant et sa mÃ¨re,7759.0,http://artinfo-images-350.s3.amazonaws.com/asi2-106080/77.jpg
Malienne en grande tenue,20057.0,http://artinfo-images-350.s3.amazonaws.com/asi2-102174/123.jpg
Trois amies (femmes d'Afrique centrale),23371.0,http://artinfo-images-350.s3.amazonaws.com/asi2-99573/108.jpg
Joyeux,974.0,http://artinfo-images-350.s3.amazonaws.com/asi2-88952/245.jpg
Woodland stream,472.0,http://artinfo-images-350.s3.amazonaws.com/asi2-105307/148.jpg
Ocean scene,239.0,http://artinfo-images-350.s3.amazonaws.com/asi2-90224/77212.jpg
Waves,1000.0,http://artinfo-images-350.s3.amazonaws.com/0614847/594.jpg
River at dusk,1900.0,http://artinfo-images-350.s3.amazonaws.com/11923/410.JPG
Lion,5814.0,http://artinfo-images-350.s3.amazonaws.com/asi2-106932/1693.jpg
The last draw of ancient,2102.0,http://artinfo-images-350.s3.amazonaws.com/asi2-105861/9.jpg
Untitled,25000.0,http://artinfo-images-350.s3.amazonaws.com/asi2-105400/201.jpg
Rainflower dots,1658.0,http://artinfo-images-350.s3.amazonaws.com/asi2-107439/173.jpg
Stenciled revolution bishomare,7915.0,http://artinfo-images-350.s3.amazonaws.com/asi2-112480/173.jpg
Ishq,2491.0,http://artinfo-images-350.s3.amazonaws.com/asi2-109283/141.jpg
Sans titre,5136.0,http://artinfo-images-350.s3.amazonaws.com/asi2-105861/268.jpg
Haqiqat #4,1658.0,http://artinfo-images-350.s3.amazonaws.com/asi2-107439/164.jpg
La veritÃ© (Haqiqat),2159.0,http://artinfo-images-350.s3.amazonaws.com/asi2-104104/114.jpg
ISHQ-Paris 07,572.0,http://artinfo-images-350.s3.amazonaws.com/asi2-103307/105.jpg
Putti making music,13425.0,http://artinfo-images-350.s3.amazonaws.com/asi2-111668/57.jpg
Putti in a wooded landscape with a bird and a lap-dog,58072.0,http://artinfo-images-350.s3.amazonaws.com/asi2-105745/153.jpg
"An Allegory Of Summer With Putti Disporting, En Grisaille",42168.0,http://artinfo-images-350.s3.amazonaws.com/asi2-99354/L10030-250-lr-1l.jpg
Satyrs And Fauns Dancing Before A Shrine; Diana In A Landscape With The Attributes Of Hunting And Dancing Figures,399753.0,http://artinfo-images-350.s3.amazonaws.com/asi2-89931/L09795-83-lr-1l.jpg
Putti,5072.0,http://artinfo-images-350.s3.amazonaws.com/0512897/058.jpg
Putti desporting on clouds by vase on pedestal,11004.0,http://artinfo-images-350.s3.amazonaws.com/15643/153.jpg
Efter Frokosten i Atelieret - After lunch in the studio,2900.0,http://artinfo-images-350.s3.amazonaws.com/asi2-102783/125.jpg
Portrait of a girl and her younger brother,1096.0,http://artinfo-images-350.s3.amazonaws.com/10859/1798.jpg
Interior from my studio,1317.0,http://artinfo-images-350.s3.amazonaws.com/17391/1907.jpg
Adam and Eve after the Expulsion from the Garden of Eden,1580.0,http://artinfo-images-350.s3.amazonaws.com/10852/1583.jpg
Portraits of brother and sister,1152.0,http://artinfo-images-350.s3.amazonaws.com/17392/1007.jpg
Mutter und Kind beim Skianglauf in einer Winterlandschaft,824.0,http://artinfo-images-350.s3.amazonaws.com/asi2-103719/1409.jpg
Le Portement de Croix,12618.0,http://artinfo-images-350.s3.amazonaws.com/asi2-115558/4.jpg
Portrait de l'empereur Rodolphe II de Habsbourg,4416.0,http://artinfo-images-350.s3.amazonaws.com/asi2-115558/22.jpg
The Last Supper,13290.0,http://artinfo-images-350.s3.amazonaws.com/asi2-111833/124.jpg
The Crucifixion with the two thieves,16760.0,http://artinfo-images-350.s3.amazonaws.com/asi2-109929/7.jpg
"Portrait of Rudolf II, Holy Roman Emperor, King of Hungary and Croatia, King of Bohemia and Archduke of Austria (1552-1612), full-length in in ceremonial robes and armour, wearing the Coronation Crown and the Order of the Golden Fleece, holding a baton",41530.0,http://artinfo-images-350.s3.amazonaws.com/asi2-108911/170.jpg
"Bacchus, Ceres und Armor",1680.0,http://artinfo-images-350.s3.amazonaws.com/asi2-106582/529.jpg
Portrait of Emperor Ferdinand II (1578â1637),57954.0,http://artinfo-images-350.s3.amazonaws.com/asi2-105997/533.jpg
Rector Povl Christopher Holbye,3437.0,http://artinfo-images-350.s3.amazonaws.com/B.O120030317/00316.jpg
"Three women seated on terrace, sunshine",1243.0,http://artinfo-images-350.s3.amazonaws.com/RAS.H120030405/02005.jpg
Portrait of a young woman,423.0,http://artinfo-images-350.s3.amazonaws.com/BBLR120010605/00216A.jpg
The Amalfi Coast,2679.0,http://artinfo-images-350.s3.amazonaws.com/asi2-111700/143.jpg
"WiesenstÃ¼ck mit Mohn, LÃ¶wenzahn und Kornblumen",2040.0,http://artinfo-images-350.s3.amazonaws.com/asi2-111913/6108.jpg
Idyllische Ansicht vom Dyrehaven bei Kopenhagen am frÃ¼hen Morgen,1360.0,http://artinfo-images-350.s3.amazonaws.com/asi2-111913/6178.jpg
"SkovsÃ¸, Fra Bondedammen ved HellebÃ¦k, Septembermorgen",6802.0,http://artinfo-images-350.s3.amazonaws.com/asi2-102784/117.jpg
Marine scene with sidewheeler,460.0,http://artinfo-images-350.s3.amazonaws.com/asi2-105233/1665.jpg
Tyskerbryggen i Bergen,2595.0,http://artinfo-images-350.s3.amazonaws.com/asi2-89831/89.jpg
View of Frederiksvaerk,1334.0,http://artinfo-images-350.s3.amazonaws.com/17373/2269.jpg
"Chairs, model no. 310, and a Sunflower table, model no. 310",12249.0,http://artinfo-images-350.s3.amazonaws.com/asi2-115508/142.jpg
"Extendable 'H Leg' dining table and eight dining chairs, model no. 615",17035.0,http://artinfo-images-350.s3.amazonaws.com/asi2-110995/216.jpg
Door handles,9375.0,http://artinfo-images-350.s3.amazonaws.com/asi2-115627/308.jpg
Paimio chair,1375.0,http://artinfo-images-350.s3.amazonaws.com/asi2-115627/309.jpg
Tea Trolly,1125.0,http://artinfo-images-350.s3.amazonaws.com/asi2-115627/310.jpg
"Stackable bowls, model nos. 9769 A-B-C-D",15312.0,http://artinfo-images-350.s3.amazonaws.com/asi2-115508/111.jpg
Unique screen,44915.0,http://artinfo-images-350.s3.amazonaws.com/asi2-115508/112.jpg
"Dining chairs, model no. 69",10208.0,http://artinfo-images-350.s3.amazonaws.com/asi2-115508/116.jpg
"Two-tier frame table, model nos. 75/83 and 915",13270.0,http://artinfo-images-350.s3.amazonaws.com/asi2-115508/117.jpg
"Kultakello (Golden Bell) ceiling lights, model no. A330",13270.0,http://artinfo-images-350.s3.amazonaws.com/asi2-115508/118.jpg
"Standard lamp, model no. A 810",32666.0,http://artinfo-images-350.s3.amazonaws.com/asi2-115508/122.jpg
Farm,302.0,http://artinfo-images-350.s3.amazonaws.com/asi2-114055/177.jpg
Still-life with Fruit,986.0,http://artinfo-images-350.s3.amazonaws.com/asi2-106283/112.jpg
Still life with bottles,2474.0,http://artinfo-images-350.s3.amazonaws.com/asi2-104660/173.jpg
"Still life with a jug, pot and apples",2753.0,http://artinfo-images-350.s3.amazonaws.com/asi2-104241/127.jpg
Lilies in a vase,727.0,http://artinfo-images-350.s3.amazonaws.com/0610172/158.jpg
Still life of flowers,728.0,http://artinfo-images-350.s3.amazonaws.com/0610171/443.jpg
Light in the window,1679.0,http://artinfo-images-350.s3.amazonaws.com/16524/248.jpg
Flowers in vase,1079.0,http://artinfo-images-350.s3.amazonaws.com/16524/261.jpg
Flowers,410.0,http://artinfo-images-350.s3.amazonaws.com/22625/133.jpg
Ãiti ja lapsi,659.0,http://artinfo-images-350.s3.amazonaws.com/asi2-110165/338.jpg
Sittande kvinna,525.0,http://artinfo-images-350.s3.amazonaws.com/asi2-105578/93.jpg
[Untitled],486.0,http://artinfo-images-350.s3.amazonaws.com/asi2-114054/402.jpg
Through the fire,419.0,http://artinfo-images-350.s3.amazonaws.com/asi2-114054/409.jpg
Sibelius,405.0,http://artinfo-images-350.s3.amazonaws.com/asi2-114054/410.jpg
TyttÃ¶,2060.0,http://artinfo-images-350.s3.amazonaws.com/asi2-110165/344.jpg
"Summer's night, by the lake",1571.0,http://artinfo-images-350.s3.amazonaws.com/asi2-107995/94.jpg
Cloudy Day,1827.0,http://artinfo-images-350.s3.amazonaws.com/asi2-108741/380.jpg
Mountain,1832.0,http://artinfo-images-350.s3.amazonaws.com/asi2-106281/209.jpg
Stockholm,1444.0,http://artinfo-images-350.s3.amazonaws.com/asi2-100201/369.jpg
Nostalgia,3364.0,http://artinfo-images-350.s3.amazonaws.com/0781020/508.jpg
Marvel,1895.0,http://artinfo-images-350.s3.amazonaws.com/12893/503.jpg
Portrait of Herman Wildenvey,616.0,http://artinfo-images-350.s3.amazonaws.com/25760/231.JPG
Landscape near Stavern,837.0,http://artinfo-images-350.s3.amazonaws.com/18519/193.jpg
House with figures,551.0,http://artinfo-images-350.s3.amazonaws.com/17390/607.JPG
Cheval attelÃ©,707.0,http://artinfo-images-350.s3.amazonaws.com/asi2-107984/675.jpg
"Still life with jug, glassware, fruit and fish",1298.0,http://artinfo-images-350.s3.amazonaws.com/asi2-107549/89.jpg
Still life with globe and violin (vanitas),3375.0,http://artinfo-images-350.s3.amazonaws.com/asi2-107549/90.jpg
